OP,A1,A2,A3
+,795,654,812
+,1468,468,64
+,478,856,926
+,807,611,548
+,1505,647,527
+,1279,247,735
+,1143,298,439
+,1432,629,361
+,83,584,426
+,1956,680,684
+,1581,536,998
+,1326,69,976
+,1023,557,519
+,896,519,567
+,770,399,894
+,1147,44,650
+,1834,382,259
+,1905,16,365
+,1065,69,353
+,1458,750,672
+,997,106,790
+,792,752,774
+,769,136,45
+,1257,559,346
+,352,658,179
+,266,797,701
+,1682,712,490
+,42,186,830
+,528,64,733
+,97,966,468
+,1071,300,206
+,1867,810,204
+,1013,42,323
+,1411,317,527
+,1564,834,556
+,830,259,37
+,838,662,195
+,1123,365,882
+,701,48,886
+,342,339,279
+,1672,818,376
+,1796,910,409
+,802,450,916
+,827,395,347
+,1293,191,508
+,1668,509,376
+,1619,816,531
+,1715,820,84
+,1675,434,80
+,1892,616,842
+,137,558,300
+,215,105,81
+,1160,676,302
+,27,456,617
+,276,436,170
+,1621,454,359
+,1925,43,744
+,1987,933,361
+,1389,445,281
+,422,810,970
+,264,76,687
+,172,415,372
+,315,820,767
+,731,163,975
+,253,146,869
+,964,694,800
+,399,35,129
+,1797,241,797
+,1231,375,370
+,251,972,580
+,354,619,157
+,1959,460,971
+,1885,380,454
+,874,78,587
+,1803,542,375
+,1066,321,665
+,1353,255,983
+,1246,26,753
+,1523,511,530
+,855,935,575
+,1937,268,793
+,183,720,456
+,60,626,292
+,573,938,502
+,91,125,138
+,68,75,462
+,738,920,730
+,987,89,829
+,767,990,865
+,1749,683,355
+,1812,66,563
+,1359,297,912
+,1224,871,161
+,132,726,949
+,1249,653,178
+,1032,370,520
+,926,124,205
+,1171,142,242
+,1684,505,26
+,122,567,586
+,1750,478,822
+,527,132,626
+,1600,88,67
+,1114,407,734
+,1001,490,538
+,196,787,419
+,1406,588,75
+,1914,995,324
+,1331,75,460
+,463,696,529
+,1183,131,899
+,401,798,564
+,1363,601,186
+,67,989,132
+,1677,514,932
+,368,56,851
+,1942,530,156
+,69,168,165
+,819,957,726
+,1163,354,970
+,1376,531,916
+,1580,866,80
+,591,201,650
+,1031,564,281
+,426,640,310
+,1419,546,95
+,708,656,172
+,759,964,594
+,1904,175,674
+,787,737,923
+,187,345,862
+,547,577,42
+,1623,884,29
+,971,46,971
+,1275,789,590
+,1634,666,215
+,1291,585,426
+,1037,654,31
+,1545,910,642
+,1949,296,657
+,1495,309,494
+,32,824,826
+,1258,415,304
+,1832,74,705
+,1930,161,450
+,291,495,475
+,1879,348,621
+,1239,320,882
+,1479,326,751
+,297,353,998
+,1332,133,778
+,1223,527,575
+,730,326,247
+,1931,125,273
+,652,253,144
+,518,51,297
+,1100,393,884
+,1548,428,254
+,1233,886,923
+,1625,833,335
+,1475,591,738
+,24,194,781
+,1175,510,527
+,535,510,900
+,1695,509,23
+,1802,967,402
+,1808,468,989
+,1977,220,597
+,1109,49,51
+,800,506,611
+,1503,863,669
+,1658,481,292
+,1627,8,867
+,1688,441,137
+,1579,270,744
+,156,782,412
+,545,46,410
+,1515,583,575
+,265,371,566
+,1883,75,395
+,1207,461,782
+,1651,286,845
+,955,696,625
+,1368,131,998
+,1910,403,382
+,304,347,571
+,182,374,773
+,288,203,616
+,358,411,512
+,199,46,39
+,461,730,341
+,1063,485,531
+,813,152,620
+,121,527,143
+,1044,953,627
+,712,166,402
+,1965,757,862
+,578,607,344
+,713,848,521
+,1966,501,725
+,361,306,486
+,1286,17,377
+,1170,689,112
+,908,597,315
+,458,920,742
+,98,704,644
+,1434,611,485
+,1638,990,671
+,736,995,794
+,1501,591,233
+,1294,52,597
+,1736,174,536
+,842,738,634
+,344,861,389
+,1341,841,697
+,1881,32,586
+,718,717,112
+,1401,19,451
+,729,428,155
+,357,707,208
+,18,513,793
+,1656,942,482
+,1392,868,753
+,1633,63,722
+,671,531,212
+,1303,332,678
+,666,538,385
+,630,979,177
+,751,934,545
+,274,559,362
+,636,790,888
+,17,697,658
+,1559,709,270
+,486,495,196
+,1315,252,285
+,252,305,230
+,1616,996,304
+,993,295,721
+,363,706,721
+,872,324,491
+,1028,573,956
+,1356,814,738
+,225,294,124
+,1944,692,556
+,782,917,404
+,982,353,977
+,296,823,149
+,1203,43,294
+,1831,731,80
+,809,946,452
+,595,262,765
+,1538,219,206
+,1536,551,277
+,197,575,712
+,537,140,111
+,914,758,600
+,1430,248,51
+,1969,926,543
+,1939,653,238
+,1132,102,423
+,1395,734,483
+,74,697,789
+,888,5,987
+,1659,951,161
+,1474,668,957
+,1477,899,487
+,1425,666,204
+,594,987,294
+,793,292,661
+,1853,929,787
+,1417,667,587
+,773,547,756
+,86,870,959
+,1162,935,943
+,113,427,903
+,427,180,956
+,385,37,856
+,396,806,507
+,656,959,766
+,1374,893,948
+,1333,897,38
+,409,305,581
+,879,109,950
+,1975,291,465
+,1480,556,536
+,45,910,961
+,1447,871,516
+,1343,279,197
+,87,115,338
+,1464,748,469
+,10,263,735
+,1489,14,754
+,428,809,302
+,1306,690,775
+,213,179,625
+,207,654,918
+,876,846,437
+,402,335,88
+,1021,685,97
+,1061,143,488
+,1214,958,254
+,1386,267,392
+,1640,457,771
+,1666,976,337
+,560,596,740
+,1950,11,267
+,1487,368,709
+,586,63,683
+,580,476,314
+,544,415,702
+,1645,945,916
+,1002,720,788
+,815,706,120
+,439,938,963
+,89,376,629
+,349,224,980
+,254,489,156
+,1455,765,620
+,1137,425,718
+,1216,934,482
+,763,550,821
+,575,845,223
+,757,253,696
+,1996,610,894
+,1492,83,538
+,1511,540,720
+,382,79,939
+,1082,114,63
+,695,560,924
+,1835,207,586
+,1743,153,168
+,1926,874,532
+,1256,119,696
+,269,734,597
+,626,93,920
+,1484,456,828
+,1124,464,135
+,1427,425,467
+,1716,59,572
+,176,688,826
+,1297,740,22
+,1748,260,836
+,525,763,223
+,1681,74,46
+,523,352,717
+,1891,554,61
+,1057,915,70
+,1855,483,32
+,1742,418,184
+,1388,138,784
+,854,746,661
+,387,430,383
+,977,391,459
+,953,939,928
+,1781,384,82
+,655,987,677
+,1424,552,136
+,1952,880,356
+,1628,182,550
+,1979,541,130
+,1694,228,854
+,290,774,23
+,662,474,689
+,1901,557,434
+,1510,388,843
+,721,253,471
+,723,158,282
+,960,959,896
+,214,783,115
+,1544,828,676
+,1174,629,784
+,522,904,910
+,477,246,211
+,1795,103,608
+,1410,457,612
+,1858,720,893
+,1119,250,758
+,1861,411,449
+,400,552,222
+,1115,884,794
+,1674,143,515
+,1618,239,835
+,1405,749,589
+,920,591,612
+,1620,688,838
+,1504,242,309
+,610,146,676
+,839,226,423
+,744,281,62
+,1352,971,605
+,136,752,933
+,1514,641,695
+,414,569,507
+,937,995,352
+,1961,658,687
+,1851,804,537
+,1016,713,426
+,345,152,307
+,1755,188,772
+,1108,484,246
+,805,230,307
+,1519,724,147
+,1528,474,936
+,115,575,422
+,1222,426,570
+,1454,137,397
+,1566,261,208
+,935,662,80
+,188,460,867
+,1277,94,548
+,1172,849,195
+,898,274,386
+,1874,619,617
+,983,894,74
+,1915,823,779
+,1451,741,687
+,108,222,490
+,1081,890,928
+,1030,310,979
+,1227,15,216
+,180,194,985
+,159,120,764
+,307,490,936
+,1418,712,618
+,1787,209,406
+,1026,245,565
+,1164,794,289
+,384,477,546
+,1443,367,315
+,181,368,525
+,901,509,477
+,1587,822,739
+,1193,779,859
+,894,936,208
+,1009,320,423
+,1660,576,884
+,734,759,149
+,1647,267,566
+,1154,598,593
+,1027,427,302
+,415,200,337
+,1307,388,583
+,378,251,511
+,381,670,966
+,49,345,263
+,657,841,500
+,737,740,657
+,1719,502,471
+,970,750,814
+,1759,173,143
+,1924,559,500
+,685,938,910
+,351,657,980
+,1421,536,34
+,1348,867,76
+,1822,837,684
+,1439,782,6
+,1413,140,862
+,1325,236,69
+,160,154,9
+,1921,517,466
+,1878,61,632
+,1369,682,956
+,1752,934,494
+,1202,499,16
+,899,544,564
+,1918,12,17
+,211,739,281
+,1717,1000,293
+,576,514,832
+,628,690,440
+,485,962,931
+,979,109,940
+,1094,536,152
+,369,196,634
+,1092,258,834
+,1011,273,814
+,988,80,382
+,1903,415,470
+,1617,249,713
+,639,307,700
+,1318,868,82
+,359,878,665
+,1847,32,95
+,1438,388,386
+,220,487,57
+,1014,9,719
+,912,84,511
+,749,444,660
?,340,340,340
?,580,580,580
?,879,879,879
?,98,98,98
?,917,917,917
?,541,541,541
?,942,942,942
?,44,44,44
?,236,236,236
?,217,217,217
?,923,923,923
?,889,889,889
?,709,709,709
?,909,909,909
?,581,581,581
?,487,487,487
?,278,278,278
?,48,48,48
?,947,947,947
?,77,77,77
?,701,701,701
?,948,948,948
?,288,288,288
?,921,921,921
?,557,557,557
?,578,578,578
?,674,674,674
?,34,34,34
?,184,184,184
?,952,952,952
?,871,871,871
?,323,323,323
?,17,17,17
?,213,213,213
?,602,602,602
?,148,148,148
?,771,771,771
?,841,841,841
?,730,730,730
?,841,841,841
?,408,408,408
?,952,952,952
?,79,79,79
?,307,307,307
?,167,167,167
?,578,578,578
?,247,247,247
?,581,581,581
?,855,855,855
?,870,870,870
?,399,399,399
?,694,694,694
?,919,919,919
?,554,554,554
?,340,340,340
?,394,394,394
?,774,774,774
?,758,758,758
?,144,144,144
?,810,810,810
?,706,706,706
?,742,742,742
?,81,81,81
?,513,513,513
?,764,764,764
?,355,355,355
?,55,55,55
?,101,101,101
?,448,448,448
?,238,238,238
?,859,859,859
?,78,78,78
?,349,349,349
?,620,620,620
?,788,788,788
?,629,629,629
?,978,978,978
?,610,610,610
?,407,407,407
?,793,793,793
?,335,335,335
?,31,31,31
?,650,650,650
?,280,280,280
?,803,803,803
?,462,462,462
?,503,503,503
?,234,234,234
?,365,365,365
?,567,567,567
?,964,964,964
?,385,385,385
?,443,443,443
?,191,191,191
?,697,697,697
?,600,600,600
?,677,677,677
?,390,390,390
?,88,88,88
?,791,791,791
?,634,634,634
?,303,303,303
?,818,818,818
?,253,253,253
?,731,731,731
?,76,76,76
?,85,85,85
?,275,275,275
?,158,158,158
?,390,390,390
?,729,729,729
?,803,803,803
?,650,650,650
?,158,158,158
?,758,758,758
?,399,399,399
?,325,325,325
?,370,370,370
?,110,110,110
?,94,94,94
?,6,6,6
?,966,966,966
?,316,316,316
?,456,456,456
?,369,369,369
?,780,780,780
?,277,277,277
?,105,105,105
?,136,136,136
?,90,90,90
?,192,192,192
?,442,442,442
?,460,460,460
?,571,571,571
?,569,569,569
?,525,525,525
?,418,418,418
?,106,106,106
?,27,27,27
?,92,92,92
?,363,363,363
?,568,568,568
?,96,96,96
?,612,612,612
?,613,613,613
?,804,804,804
?,333,333,333
?,885,885,885
?,395,395,395
?,13,13,13
?,299,299,299
?,424,424,424
?,398,398,398
?,798,798,798
?,87,87,87
?,743,743,743
?,923,923,923
?,573,573,573
?,927,927,927
?,249,249,249
?,586,586,586
?,534,534,534
?,174,174,174
?,702,702,702
?,390,390,390
?,174,174,174
?,143,143,143
?,276,276,276
?,309,309,309
?,275,275,275
?,505,505,505
?,150,150,150
?,65,65,65
?,172,172,172
?,446,446,446
?,283,283,283
?,432,432,432
?,307,307,307
?,496,496,496
?,802,802,802
?,79,79,79
?,370,370,370
?,258,258,258
?,967,967,967
?,253,253,253
?,739,739,739
?,641,641,641
?,508,508,508
?,609,609,609
?,632,632,632
?,201,201,201
?,469,469,469
?,110,110,110
?,139,139,139
?,312,312,312
?,7,7,7
?,972,972,972
?,406,406,406
?,341,341,341
?,862,862,862
?,636,636,636
?,390,390,390
?,824,824,824
?,883,883,883
?,338,338,338
?,451,451,451
?,343,343,343
?,441,441,441
?,836,836,836
?,844,844,844
?,881,881,881
?,667,667,667
?,609,609,609
?,140,140,140
?,308,308,308
?,329,329,329
?,618,618,618
?,971,971,971
?,712,712,712
?,206,206,206
?,491,491,491
?,322,322,322
?,182,182,182
?,408,408,408
?,327,327,327
?,299,299,299
?,753,753,753
?,712,712,712
?,649,649,649
?,503,503,503
?,590,590,590
?,801,801,801
?,249,249,249
?,334,334,334
?,386,386,386
?,288,288,288
?,837,837,837
?,805,805,805
?,403,403,403
?,374,374,374
?,117,117,117
?,955,955,955
?,578,578,578
?,205,205,205
?,607,607,607
?,559,559,559
?,185,185,185
?,699,699,699
?,787,787,787
?,564,564,564
?,28,28,28
?,976,976,976
?,745,745,745
?,473,473,473
?,966,966,966
?,726,726,726
?,215,215,215
?,449,449,449
?,817,817,817
?,299,299,299
?,852,852,852
?,710,710,710
?,71,71,71
?,839,839,839
?,869,869,869
?,815,815,815
?,815,815,815
?,419,419,419
?,690,690,690
?,512,512,512
?,143,143,143
?,649,649,649
?,311,311,311
?,248,248,248
?,259,259,259
?,675,675,675
?,158,158,158
?,733,733,733
?,434,434,434
?,809,809,809
?,387,387,387
?,76,76,76
?,460,460,460
?,613,613,613
?,491,491,491
?,597,597,597
?,411,411,411
?,548,548,548
?,519,519,519
?,946,946,946
?,943,943,943
?,891,891,891
?,709,709,709
?,429,429,429
?,557,557,557
?,38,38,38
?,810,810,810
?,369,369,369
?,719,719,719
?,917,917,917
?,832,832,832
?,550,550,550
?,609,609,609
?,654,654,654
?,937,937,937
?,88,88,88
?,112,112,112
?,788,788,788
?,255,255,255
?,674,674,674
?,681,681,681
?,364,364,364
?,171,171,171
?,663,663,663
?,628,628,628
?,46,46,46
?,577,577,577
?,661,661,661
?,694,694,694
?,663,663,663
?,410,410,410
?,771,771,771
?,340,340,340
?,816,816,816
?,441,441,441
?,109,109,109
?,11,11,11
?,101,101,101
?,265,265,265
?,228,228,228
?,523,523,523
?,765,765,765
?,532,532,532
?,572,572,572
?,595,595,595
?,705,705,705
?,590,590,590
?,227,227,227
?,457,457,457
?,384,384,384
?,401,401,401
?,475,475,475
?,791,791,791
?,696,696,696
?,603,603,603
?,708,708,708
?,513,513,513
?,155,155,155
?,354,354,354
?,26,26,26
?,495,495,495
?,108,108,108
?,303,303,303
?,426,426,426
?,943,943,943
?,88,88,88
?,119,119,119
?,852,852,852
?,964,964,964
?,748,748,748
?,146,146,146
?,357,357,357
?,320,320,320
?,352,352,352
?,467,467,467
?,804,804,804
?,212,212,212
?,534,534,534
?,495,495,495
?,357,357,357
?,488,488,488
?,100,100,100
?,449,449,449
?,740,740,740
?,714,714,714
?,464,464,464
?,327,327,327
?,69,69,69
?,308,308,308
?,46,46,46
?,830,830,830
?,728,728,728
?,118,118,118
?,24,24,24
?,870,870,870
?,352,352,352
?,664,664,664
?,112,112,112
?,694,694,694
?,820,820,820
?,169,169,169
?,953,953,953
?,759,759,759
?,250,250,250
?,529,529,529
?,179,179,179
?,566,566,566
?,164,164,164
?,339,339,339
?,574,574,574
?,437,437,437
?,474,474,474
?,238,238,238
?,817,817,817
?,415,415,415
?,645,645,645
?,189,189,189
?,191,191,191
?,656,656,656
?,674,674,674
?,443,443,443
?,406,406,406
?,30,30,30
?,756,756,756
?,629,629,629
?,905,905,905
?,203,203,203
?,461,461,461
?,607,607,607
?,440,440,440
?,399,399,399
?,5,5,5
?,722,722,722
?,220,220,220
?,211,211,211
?,286,286,286
?,771,771,771
?,721,721,721
?,829,829,829
?,816,816,816
?,65,65,65
?,592,592,592
?,105,105,105
?,819,819,819
?,893,893,893
?,550,550,550
?,192,192,192
?,375,375,375
?,334,334,334
?,202,202,202
?,469,469,469
?,117,117,117
?,269,269,269
?,687,687,687
?,884,884,884
?,502,502,502
?,541,541,541
?,655,655,655
?,321,321,321
?,612,612,612
?,398,398,398
?,626,626,626
?,402,402,402
?,602,602,602
?,117,117,117
?,357,357,357
?,361,361,361
?,866,866,866
?,469,469,469
?,633,633,633
?,177,177,177
?,834,834,834
?,690,690,690
?,723,723,723
?,820,820,820
?,305,305,305
?,941,941,941
?,630,630,630
?,605,605,605
?,87,87,87
?,689,689,689
?,138,138,138
?,321,321,321
?,121,121,121
?,245,245,245
?,313,313,313
?,120,120,120
?,188,188,188
?,383,383,383
?,711,711,711
?,145,145,145
?,524,524,524
?,398,398,398
?,429,429,429
?,611,611,611
?,142,142,142
?,589,589,589
?,393,393,393
?,434,434,434
?,191,191,191
?,499,499,499
?,651,651,651
?,551,551,551
?,711,711,711
?,942,942,942
?,661,661,661
?,954,954,954
?,178,178,178
?,569,569,569
?,171,171,171
?,502,502,502
?,296,296,296
?,144,144,144
?,192,192,192
?,323,323,323
?,863,863,863
?,462,462,462
?,635,635,635
?,55,55,55
?,887,887,887
?,368,368,368
?,975,975,975
?,10,10,10
?,497,497,497
?,140,140,140
?,200,200,200
?,835,835,835
?,394,394,394
?,576,576,576
?,518,518,518
?,669,669,669
?,507,507,507
?,419,419,419
?,702,702,702
?,504,504,504
?,426,426,426
?,728,728,728
?,861,861,861
?,455,455,455
?,501,501,501
?,172,172,172
?,85,85,85
?,579,579,579
?,32,32,32
?,815,815,815
?,780,780,780
?,226,226,226
?,300,300,300
?,34,34,34
?,282,282,282
?,231,231,231
?,551,551,551
?,296,296,296
?,173,173,173
?,800,800,800
?,469,469,469
?,580,580,580
?,761,761,761
?,792,792,792
?,785,785,785
?,508,508,508
?,563,563,563
?,524,524,524
?,116,116,116
?,587,587,587
?,117,117,117
?,275,275,275
?,794,794,794
?,557,557,557
?,844,844,844
?,376,376,376
?,556,556,556
?,843,843,843
?,775,775,775
?,43,43,43
?,779,779,779
?,737,737,737
?,452,452,452
?,560,560,560
?,224,224,224
?,436,436,436
?,105,105,105
?,754,754,754
?,850,850,850
?,670,670,670
?,770,770,770
?,254,254,254
?,305,305,305
?,896,896,896
?,34,34,34
?,461,461,461
?,270,270,270
?,357,357,357
?,883,883,883
?,837,837,837
?,90,90,90
?,450,450,450
?,887,887,887
?,121,121,121
?,795,795,795
?,832,832,832
?,243,243,243
?,215,215,215
?,831,831,831
?,756,756,756
?,603,603,603
?,706,706,706
?,360,360,360
?,882,882,882
?,728,728,728
?,625,625,625
?,648,648,648
?,439,439,439
?,170,170,170
?,631,631,631
?,143,143,143
?,804,804,804
?,212,212,212
?,834,834,834
?,212,212,212
?,825,825,825
?,61,61,61
?,584,584,584
?,360,360,360
?,546,546,546
?,288,288,288
?,612,612,612
?,552,552,552
?,173,173,173
?,332,332,332
?,721,721,721
?,300,300,300
?,297,297,297
?,587,587,587
?,274,274,274
?,976,976,976
?,879,879,879
?,527,527,527
?,922,922,922
?,696,696,696
?,835,835,835
?,98,98,98
?,139,139,139
?,769,769,769
?,805,805,805
?,422,422,422
?,941,941,941
?,61,61,61
?,284,284,284
?,888,888,888
?,672,672,672
?,130,130,130
?,719,719,719
?,887,887,887
?,136,136,136
?,256,256,256
?,150,150,150
?,729,729,729
?,330,330,330
?,849,849,849
?,254,254,254
?,780,780,780
?,864,864,864
?,693,693,693
?,403,403,403
?,502,502,502
?,146,146,146
?,592,592,592
?,648,648,648
?,276,276,276
?,643,643,643
?,425,425,425
?,385,385,385
?,463,463,463
?,78,78,78
?,649,649,649
?,814,814,814
?,902,902,902
?,788,788,788
?,96,96,96
?,413,413,413
?,528,528,528
?,768,768,768
?,285,285,285
?,712,712,712
?,959,959,959
?,899,899,899
?,378,378,378
?,466,466,466
?,974,974,974
?,500,500,500
?,336,336,336
?,596,596,596
?,3,3,3
?,890,890,890
?,793,793,793
?,868,868,868
?,751,751,751
?,96,96,96
?,749,749,749
?,470,470,470
?,651,651,651
?,681,681,681
?,715,715,715
?,367,367,367
?,871,871,871
?,65,65,65
?,815,815,815
?,548,548,548
?,408,408,408
?,224,224,224
?,440,440,440
?,845,845,845
?,217,217,217
?,507,507,507
?,275,275,275
?,331,331,331
?,849,849,849
?,291,291,291
?,346,346,346
?,561,561,561
?,592,592,592
?,134,134,134
?,580,580,580
?,873,873,873
?,497,497,497
?,808,808,808
?,352,352,352
?,916,916,916
?,699,699,699
?,781,781,781
?,50,50,50
?,48,48,48
?,102,102,102
?,642,642,642
?,803,803,803
?,857,857,857
?,471,471,471
?,17,17,17
?,128,128,128
?,952,952,952
?,879,879,879
?,162,162,162
?,452,452,452
?,468,468,468
?,1,1,1
?,439,439,439
?,208,208,208
?,706,706,706
?,932,932,932
?,136,136,136
?,904,904,904
?,666,666,666
?,310,310,310
?,163,163,163
?,896,896,896
?,956,956,956
?,898,898,898
?,281,281,281
?,96,96,96
?,671,671,671
?,370,370,370
?,257,257,257
?,85,85,85
?,381,381,381
?,681,681,681
?,926,926,926
?,665,665,665
?,170,170,170
?,54,54,54
?,406,406,406
?,641,641,641
?,313,313,313
?,744,744,744
?,717,717,717
?,774,774,774
?,240,240,240
?,440,440,440
?,672,672,672
?,94,94,94
?,721,721,721
?,98,98,98
?,2,2,2
?,219,219,219
?,489,489,489
?,80,80,80
?,136,136,136
?,608,608,608
?,232,232,232
?,532,532,532
?,697,697,697
?,456,456,456
?,10,10,10
?,9,9,9
?,713,713,713
?,352,352,352
?,837,837,837
?,124,124,124
?,881,881,881
?,433,433,433
?,711,711,711
?,136,136,136
?,490,490,490
?,73,73,73
?,235,235,235
?,393,393,393
?,92,92,92
?,749,749,749
?,826,826,826
?,105,105,105
?,106,106,106
?,321,321,321
?,377,377,377
?,903,903,903
-,1926,1926,1926
-,1009,1009,1009
-,926,926,926
-,874,874,874
-,1803,1803,1803
-,731,731,731
-,573,573,573
-,385,385,385
-,197,197,197
-,1318,1318,1318
-,1797,1797,1797
-,528,528,528
-,827,827,827
-,666,666,666
-,485,485,485
-,1023,1023,1023
-,427,427,427
-,1030,1030,1030
-,1353,1353,1353
-,214,214,214
-,1174,1174,1174
-,920,920,920
-,1528,1528,1528
-,1275,1275,1275
-,1918,1918,1918
-,518,518,518
-,1847,1847,1847
-,1026,1026,1026
-,304,304,304
-,1965,1965,1965
-,1100,1100,1100
-,1207,1207,1207
-,792,792,792
-,1924,1924,1924
-,428,428,428
-,955,955,955
-,1094,1094,1094
-,1853,1853,1853
-,1438,1438,1438
-,655,655,655
-,274,274,274
-,1082,1082,1082
-,1966,1966,1966
-,1477,1477,1477
-,83,83,83
-,1293,1293,1293
-,1694,1694,1694
-,1066,1066,1066
-,426,426,426
-,737,737,737
-,1081,1081,1081
-,1620,1620,1620
-,1386,1386,1386
-,1580,1580,1580
-,977,977,977
-,1410,1410,1410
-,351,351,351
-,800,800,800
-,1544,1544,1544
-,1037,1037,1037
-,400,400,400
-,1454,1454,1454
-,1376,1376,1376
-,527,527,527
-,730,730,730
-,1621,1621,1621
-,751,751,751
-,89,89,89
-,225,225,225
-,795,795,795
-,1581,1581,1581
-,1044,1044,1044
-,1223,1223,1223
-,1430,1430,1430
-,997,997,997
-,409,409,409
-,912,912,912
-,1332,1332,1332
-,1510,1510,1510
-,1443,1443,1443
-,1451,1451,1451
-,805,805,805
-,1695,1695,1695
-,1939,1939,1939
-,695,695,695
-,713,713,713
-,1961,1961,1961
-,213,213,213
-,1306,1306,1306
-,264,264,264
-,575,575,575
-,220,220,220
-,1115,1115,1115
-,1914,1914,1914
-,1123,1123,1123
-,402,402,402
-,723,723,723
-,1959,1959,1959
-,1566,1566,1566
-,1352,1352,1352
-,807,807,807
-,1427,1427,1427
-,595,595,595
-,1937,1937,1937
-,1736,1736,1736
-,964,964,964
-,1119,1119,1119
-,1164,1164,1164
-,1246,1246,1246
-,770,770,770
-,1455,1455,1455
-,1633,1633,1633
-,1027,1027,1027
-,60,60,60
-,1258,1258,1258
-,1108,1108,1108
-,357,357,357
-,842,842,842
-,888,888,888
-,378,378,378
-,769,769,769
-,387,387,387
-,215,215,215
-,802,802,802
-,1193,1193,1193
-,122,122,122
-,87,87,87
-,266,266,266
-,1224,1224,1224
-,24,24,24
-,160,160,160
-,1388,1388,1388
-,1392,1392,1392
-,738,738,738
-,1114,1114,1114
-,1750,1750,1750
-,1781,1781,1781
-,463,463,463
-,1625,1625,1625
-,1170,1170,1170
-,1759,1759,1759
-,1279,1279,1279
-,69,69,69
-,628,628,628
-,458,458,458
-,1867,1867,1867
-,1885,1885,1885
-,1795,1795,1795
-,1634,1634,1634
-,819,819,819
-,265,265,265
-,67,67,67
-,1921,1921,1921
-,1515,1515,1515
+,1556,616,224
+,533,539,489
+,1592,339,939
+,1459,206,825
+,1390,348,734
+,857,940,821
+,280,889,331
+,299,22,151
+,761,721,939
+,319,792,113
+,1150,538,881
+,1384,983,74
+,903,721,964
+,717,405,600
+,835,344,309
+,927,139,999
+,1558,749,971
+,1345,810,654
+,790,498,664
+,227,178,724
+,1120,575,710
+,364,951,628
+,1848,365,228
+,974,603,834
+,1960,387,314
+,1734,705,301
+,1814,181,746
+,568,971,718
+,31,586,400
+,1873,789,988
+,1281,33,186
+,801,325,943
+,1612,990,626
+,515,654,579
+,1050,959,508
+,1078,339,763
+,895,243,355
+,1210,171,651
+,1702,986,90
+,1871,725,686
+,1596,746,907
+,1521,457,11
+,789,214,255
+,53,69,358
+,772,805,110
+,1176,1,49
+,1807,448,750
+,911,992,170
+,243,423,504
+,366,387,359
+,780,384,103
+,1854,490,807
+,966,591,666
+,112,703,230
+,1985,462,75
+,661,866,34
+,1062,20,326
+,845,974,107
+,1282,350,174
+,829,384,164
+,1877,76,560
+,1778,919,95
+,238,608,628
+,1423,494,721
+,1532,441,965
+,754,168,621
+,1173,444,160
+,128,103,339
+,1649,997,194
+,1336,713,567
+,1997,947,747
+,1818,271,676
+,1788,304,243
+,1565,50,402
+,1689,562,860
+,125,157,55
+,1590,3,437
+,837,301,843
+,1184,640,614
+,62,204,99
+,706,211,174
+,1567,298,1000
+,376,484,864
+,1737,315,803
+,371,482,500
+,241,676,271
+,1711,657,557
+,742,189,379
+,1420,390,378
+,681,456,45
+,33,450,476
+,286,231,857
+,1991,577,63
+,822,770,713
+,101,99,87
+,1274,352,827
+,1933,423,994
+,1900,603,232
+,1156,62,860
+,1096,838,535
+,464,988,548
+,1088,887,958
+,1707,586,902
+,550,487,306
+,753,404,924
+,658,731,35
+,1906,584,922
+,1875,819,585
+,984,635,150
+,38,972,775
+,46,177,971
+,1398,995,216
+,1615,197,129
+,933,433,80
+,840,445,206
+,475,642,151
?,265,265,265
?,328,328,328
?,745,745,745
?,827,827,827
?,69,69,69
?,90,90,90
?,398,398,398
?,570,570,570
?,407,407,407
?,566,566,566
?,334,334,334
?,878,878,878
?,283,283,283
?,533,533,533
?,470,470,470
?,895,895,895
?,13,13,13
?,806,806,806
?,718,718,718
?,639,639,639
?,602,602,602
?,536,536,536
?,801,801,801
?,430,430,430
?,116,116,116
?,425,425,425
?,154,154,154
?,152,152,152
?,581,581,581
?,603,603,603
?,597,597,597
?,777,777,777
?,103,103,103
?,109,109,109
?,577,577,577
?,799,799,799
?,104,104,104
?,805,805,805
?,293,293,293
?,889,889,889
?,549,549,549
?,902,902,902
?,353,353,353
?,899,899,899
?,421,421,421
?,271,271,271
?,393,393,393
?,671,671,671
?,498,498,498
?,586,586,586
?,624,624,624
?,485,485,485
?,39,39,39
?,177,177,177
?,283,283,283
?,413,413,413
?,148,148,148
?,634,634,634
?,624,624,624
?,698,698,698
?,711,711,711
?,412,412,412
?,40,40,40
?,406,406,406
?,901,901,901
?,340,340,340
?,708,708,708
?,244,244,244
?,51,51,51
?,764,764,764
?,487,487,487
?,276,276,276
?,382,382,382
?,21,21,21
?,346,346,346
?,838,838,838
?,813,813,813
?,311,311,311
?,319,319,319
?,288,288,288
?,864,864,864
?,504,504,504
?,879,879,879
?,713,713,713
?,702,702,702
?,101,101,101
?,890,890,890
?,234,234,234
?,138,138,138
?,308,308,308
?,762,762,762
?,454,454,454
?,793,793,793
?,846,846,846
?,329,329,329
?,276,276,276
?,747,747,747
?,427,427,427
?,620,620,620
?,662,662,662
?,92,92,92
?,193,193,193
?,453,453,453
?,217,217,217
?,844,844,844
?,417,417,417
?,759,759,759
?,497,497,497
?,778,778,778
?,529,529,529
?,889,889,889
?,383,383,383
?,841,841,841
?,58,58,58
?,528,528,528
?,811,811,811
?,163,163,163
?,68,68,68
?,319,319,319
?,727,727,727
?,519,519,519
?,414,414,414
?,139,139,139
?,800,800,800
?,872,872,872
?,537,537,537
?,901,901,901
?,583,583,583
?,30,30,30
?,178,178,178
?,198,198,198
?,897,897,897
?,853,853,853
?,206,206,206
?,858,858,858
?,60,60,60
?,256,256,256
?,34,34,34
?,468,468,468
?,52,52,52
?,370,370,370
?,722,722,722
?,204,204,204
?,281,281,281
?,378,378,378
?,844,844,844
?,476,476,476
?,518,518,518
?,407,407,407
?,651,651,651
?,127,127,127
?,698,698,698
?,32,32,32
-,523,523,523
-,1398,1398,1398
-,857,857,857
-,1484,1484,1484
-,1930,1930,1930
-,396,396,396
-,1969,1969,1969
-,1987,1987,1987
-,1356,1356,1356
-,525,525,525
-,1675,1675,1675
-,1883,1883,1883
-,1480,1480,1480
-,984,984,984
-,1579,1579,1579
-,927,927,927
-,701,701,701
-,1120,1120,1120
-,42,42,42
-,1492,1492,1492
-,838,838,838
-,749,749,749
-,1160,1160,1160
-,1359,1359,1359
-,1881,1881,1881
-,1818,1818,1818
-,1796,1796,1796
-,1013,1013,1013
-,1933,1933,1933
-,1061,1061,1061
-,1681,1681,1681
-,550,550,550
-,987,987,987
-,1417,1417,1417
-,115,115,115
-,610,610,610
-,1479,1479,1479
-,74,74,74
-,1752,1752,1752
-,636,636,636
-,1674,1674,1674
-,211,211,211
-,568,568,568
-,371,371,371
-,626,626,626
-,1184,1184,1184
-,1239,1239,1239
-,578,578,578
-,1975,1975,1975
-,759,759,759
-,1950,1950,1950
-,652,652,652
-,1348,1348,1348
-,345,345,345
-,1256,1256,1256
-,1132,1132,1132
-,1688,1688,1688
-,1303,1303,1303
-,1336,1336,1336
-,1028,1028,1028
-,763,763,763
-,1749,1749,1749
-,1871,1871,1871
-,1203,1203,1203
-,299,299,299
-,1374,1374,1374
-,1668,1668,1668
-,1227,1227,1227
-,966,966,966
-,1592,1592,1592
-,415,415,415
-,477,477,477
-,1822,1822,1822
-,1425,1425,1425
-,1325,1325,1325
-,1682,1682,1682
-,101,101,101
-,1424,1424,1424
-,1147,1147,1147
-,1459,1459,1459
-,1447,1447,1447
-,744,744,744
-,1418,1418,1418
-,1511,1511,1511
-,1587,1587,1587
-,657,657,657
-,1062,1062,1062
-,761,761,761
-,1960,1960,1960
-,793,793,793
-,983,983,983
-,241,241,241
-,1137,1137,1137
-,1286,1286,1286
-,1702,1702,1702
-,286,286,286
-,1307,1307,1307
-,1231,1231,1231
-,108,108,108
-,1503,1503,1503
-,729,729,729
-,91,91,91
-,1210,1210,1210
-,1892,1892,1892
-,1545,1545,1545
-,630,630,630
-,1925,1925,1925
-,475,475,475
-,1001,1001,1001
-,188,188,188
-,1748,1748,1748
-,1257,1257,1257
-,1931,1931,1931
-,734,734,734
-,1942,1942,1942
-,1707,1707,1707
-,1071,1071,1071
-,1088,1088,1088
-,757,757,757
-,1915,1915,1915
-,33,33,33
-,291,291,291
-,1645,1645,1645
-,182,182,182
+,1706,509,763
+,226,18,105
+,1191,422,36
+,574,562,0
+,1073,93,810
+,482,986,633
+,804,311,911
+,1676,575,211
+,1598,687,467
+,684,349,372
+,1077,55,836
+,1569,864,465
+,1441,573,785
+,915,614,484
+,126,672,372
+,1151,463,116
+,1018,777,674
+,869,2,349
+,404,849,648
+,1999,819,298
+,760,534,382
+,1897,108,46
+,1923,168,504
+,231,841,734
+,144,738,419
+,77,260,625
+,986,192,123
+,1008,872,402
+,771,468,844
+,1400,195,733
+,1760,110,775
+,263,47,948
+,168,857,688
+,1968,126,790
+,513,461,468
+,728,603,979
+,374,137,986
+,1404,4,543
+,1866,49,566
+,1089,443,858
+,1927,494,946
+,1270,799,943
+,1887,181,708
+,803,177,748
+,748,131,106
+,884,673,614
+,373,903,329
+,1989,902,393
+,34,623,937
+,1540,780,254
+,1467,407,986
+,1951,993,301
+,1394,824,136
+,99,422,616
+,1876,907,766
+,1984,306,863
+,1720,560,881
+,1582,728,754
+,194,566,647
+,651,205,214
+,1830,731,297
+,1158,353,943
+,621,135,727
+,235,998,981
+,293,515,555
+,1053,652,330
+,620,118,779
+,1859,575,491
+,1305,584,965
+,8,727,427
+,281,765,915
+,405,546,292
+,674,867,432
+,22,13,535
+,1733,25,390
+,1895,54,686
+,588,204,273
+,1624,804,164
+,1745,699,256
+,1245,859,63
+,1765,803,302
+,1756,771,554
+,850,367,833
+,1922,104,630
+,1042,691,757
+,309,885,229
+,814,662,574
+,967,243,523
+,1136,815,817
+,1828,294,709
+,1049,48,948
+,825,396,426
+,1731,807,999
+,1069,320,989
+,75,55,13
+,1758,257,207
+,559,889,799
+,693,891,453
+,750,230,933
+,1912,721,726
+,9,376,773
+,682,559,756
+,1240,201,794
+,470,987,198
+,1911,459,181
+,653,76,191
+,862,177,752
+,237,122,386
+,1894,438,285
+,597,270,133
+,1665,598,866
+,246,5,338
+,699,726,959
+,634,40,157
+,1128,330,611
+,624,792,954
+,80,630,863
+,949,308,502
+,1054,586,563
+,184,74,802
+,1168,325,538
+,1024,979,188
+,925,69,805
+,1422,163,425
+,250,549,413
+,1337,357,226
+,441,218,679
+,383,339,369
+,1084,223,973
+,300,633,543
+,57,574,843
+,1465,664,9
+,47,684,354
+,1907,246,926
+,306,628,940
+,1725,249,981
+,170,698,906
+,454,390,937
+,1414,967,116
+,1284,262,553
+,648,289,25
+,100,529,841
+,444,383,526
+,92,520,456
+,232,44,303
+,1896,667,197
+,700,526,84
+,1957,98,171
+,240,979,791
+,70,546,7
+,632,67,215
+,36,644,792
+,1213,885,701
+,1145,855,106
+,1945,550,848
+,641,899,999
+,324,793,445
+,1882,836,962
+,1456,764,702
+,1215,24,470
+,336,339,38
+,1502,75,55
+,1139,813,257
+,1344,72,588
+,709,233,932
+,1614,417,397
+,346,645,414
+,1551,323,17
+,1288,689,121
+,76,6,656
+,1290,633,64
+,1225,763,599
+,419,717,868
+,147,366,950
+,1085,108,296
+,15,702,308
+,847,88,288
+,1846,948,448
+,785,404,841
+,450,31,485
+,1228,546,225
+,339,764,400
+,604,816,869
+,1198,302,983
+,129,147,305
+,916,908,936
+,1862,814,887
+,1181,663,382
+,1019,972,11
+,679,895,568
+,1542,126,42
+,390,586,610
+,853,550,560
+,1805,87,312
+,762,766,759
+,1302,743,352
+,44,422,927
+,420,871,524
+,794,164,188
+,1020,631,854
+,1397,198,117
+,1334,687,818
+,1097,872,55
+,1550,769,954
+,1685,472,660
+,329,74,297
+,1444,68,256
+,386,202,743
+,1928,498,974
+,1311,365,131
+,868,671,240
+,1643,291,634
+,353,921,198
+,495,497,461
+,551,631,675
+,1993,710,598
+,1004,579,580
+,1364,827,323
+,675,438,172
+,593,320,252
+,959,226,729
+,1056,656,446
+,1766,860,368
+,289,695,750
+,2,898,491
+,886,456,367
+,519,312,498
+,1017,111,179
+,348,621,83
+,424,287,879
+,808,143,912
+,909,201,269
+,282,907,641
+,71,744,77
+,1595,19,869
+,1728,646,31
+,520,595,592
+,1534,787,604
+,195,928,37
+,1095,266,556
+,1562,552,483
+,1324,793,152
+,467,401,228
+,249,790,603
+,483,877,297
+,1126,475,513
+,1041,92,406
+,279,514,10
+,722,244,868
+,1408,825,628
+,298,169,775
+,733,143,456
+,1152,183,579
+,157,579,675
+,1051,990,149
+,1075,749,495
+,1637,367,41
+,1555,779,499
+,1601,64,270
+,1380,239,43
+,1006,211,530
+,95,810,369
+,417,480,939
+,1485,902,47
+,1713,664,331
+,564,720,991
+,1849,648,849
+,162,854,759
+,1383,592,557
+,1591,178,385
+,1329,387,374
+,623,669,919
+,645,79,529
+,29,385,996
+,1611,228,528
+,496,361,836
+,715,353,498
+,1261,493,908
+,294,6,513
+,134,142,450
+,1710,235,78
+,1314,658,287
+,1188,153,191
+,1366,370,616
+,1661,836,121
+,1230,235,424
+,1015,338,737
+,1317,493,691
+,950,490,215
+,1190,165,662
+,370,420,22
+,1509,44,130
+,192,606,164
+,1234,644,524
+,1350,912,586
+,1786,57,170
+,555,944,184
+,1800,981,415
+,673,992,577
+,1772,19,899
+,1295,745,677
+,526,290,969
+,885,221,459
+,413,482,888
+,791,174,224
+,1761,420,615
+,331,813,596
+,1076,785,186
+,1602,675,523
+,1517,171,741
+,1773,350,944
+,37,610,604
+,1995,235,387
+,1909,135,111
+,944,207,535
+,410,931,516
+,1428,429,846
+,989,620,98
+,1784,487,923
+,710,614,39
+,421,802,544
+,1636,770,120
+,1599,493,675
+,1045,923,617
+,107,847,1
+,1826,960,793
+,328,664,441
+,341,430,379
+,1576,44,714
+,1377,439,234
+,948,821,493
+,981,787,390
+,503,603,823
+,1687,929,779
+,650,713,589
+,1844,435,137
+,599,488,784
+,185,931,879
+,284,290,612
+,1791,556,418
+,452,193,5
+,667,761,808
+,531,591,535
+,1347,532,7
+,179,670,210
+,774,823,323
+,1820,370,109
+,1718,436,667
+,1792,259,267
+,1610,548,433
+,1679,374,626
+,1142,696,406
+,1452,208,423
+,21,802,570
+,1801,183,379
+,589,568,495
+,881,314,591
+,856,792,722
+,690,753,141
+,1486,884,675
+,1079,765,235
+,26,801,716
+,256,165,102
+,618,520,410
+,1500,346,820
+,752,628,713
+,442,723,53
+,910,398,987
+,1264,5,823
+,612,843,148
+,1208,948,614
+,1673,90,65
+,1850,227,379
+,1884,623,38
+,512,393,953
+,278,628,671
+,965,293,728
+,412,611,58
+,1211,792,839
+,311,655,506
+,705,10,206
+,479,672,953
+,1269,530,292
+,1250,34,802
+,295,522,528
+,943,237,629
+,1072,690,36
+,1463,244,670
+,766,999,161
+,609,282,798
+,314,361,685
+,811,415,600
+,169,530,15
+,1981,720,70
+,1488,92,562
+,1704,743,849
+,846,936,596
+,272,355,986
+,930,283,231
+,152,986,199
+,1770,952,413
+,230,4,267
+,1524,416,518
+,1608,572,74
+,1860,301,348
+,202,119,822
+,1678,979,263
+,823,550,832
+,1870,588,256
+,603,453,989
+,640,576,495
+,1570,249,775
+,1237,984,794
+,1696,697,471
+,1886,600,882
+,239,493,119
+,703,69,391
+,72,807,225
+,1105,718,235
+,1913,323,422
+,590,361,528
+,474,9,717
+,66,269,254
+,596,95,408
+,962,766,840
+,1048,77,567
+,1387,182,487
+,5,362,223
+,320,587,275
+,153,969,764
+,355,952,931
+,491,510,754
+,321,240,753
+,166,893,271
+,1530,234,207
+,1865,255,856
+,425,364,159
+,203,109,122
+,123,80,692
+,1497,679,504
+,878,6,782
+,608,554,980
+,1783,868,493
+,922,635,322
+,1262,919,902
+,462,588,889
+,852,502,187
+,242,937,523
+,1457,407,227
+,174,590,131
+,1700,538,818
+,1490,489,962
+,310,33,514
+,109,403,881
+,151,794,178
+,1007,999,123
+,820,530,471
+,133,705,8
+,233,690,215
+,978,594,103
+,517,370,627
+,105,265,191
+,377,269,242
+,1526,482,981
+,902,351,374
+,980,510,434
+,961,429,717
+,582,381,373
+,1167,410,286
+,1472,184,585
+,1121,589,702
+,1201,833,102
+,598,276,823
+,111,568,442
+,1919,390,200
+,561,819,982
+,259,153,484
+,28,9,180
+,1541,511,137
+,1461,869,645
+,739,546,737
+,465,804,498
+,606,256,575
+,397,581,48
+,205,101,707
+,579,61,220
+,1074,260,487
+,1507,644,98
+,991,762,342
+,443,369,368
+,1381,570,954
+,379,263,352
+,244,421,124
+,1869,888,695
+,394,620,203
+,1177,589,665
+,472,551,178
+,1512,291,363
+,1113,689,522
+,554,793,754
+,1798,910,80
+,1259,628,293
+,1273,646,979
+,871,889,171
+,1943,827,950
+,1804,431,646
+,1200,585,414
+,1194,928,73
+,627,165,351
+,498,321,324
+,1243,298,727
+,453,619,660
+,602,277,908
+,190,799,883
+,35,371,765
+,917,533,988
+,1005,423,171
+,975,874,23
+,492,745,240
+,1513,257,963
+,1527,717,767
+,494,215,170
+,1757,105,97
+,391,959,899
+,1058,561,55
+,20,789,406
+,565,783,85
+,572,268,632
+,697,86,670
+,529,906,399
+,726,234,253
+,434,290,453
+,998,129,134
+,1229,858,174
+,665,35,679
+,1729,881,937
+,58,884,487
+,1244,998,891
+,1819,957,278
+,1433,455,138
+,1328,971,714
+,923,181,605
+,1435,467,646
+,177,651,898
+,502,445,536
+,660,654,546
+,549,930,355
+,1248,552,232
+,1265,91,452
+,990,374,422
+,1255,159,310
+,553,0,535
+,1068,776,868
+,1322,352,293
+,891,547,8
+,1779,944,503
+,941,773,488
+,1839,9,784
+,887,817,299
+,216,236,815
+,1003,561,382
+,1267,421,903
+,25,447,404
+,698,167,732
+,1553,661,399
+,1753,387,225
+,1902,81,432
+,1976,245,529
+,1091,819,931
+,711,826,710
+,84,278,291
+,1159,760,544
+,1724,275,422
+,617,873,70
+,208,139,296
+,1691,652,466
+,155,463,278
+,406,637,503
+,812,328,19
+,768,50,992
+,1263,22,190
+,1732,104,288
+,52,128,732
+,1588,744,8
+,1453,92,154
+,637,505,222
+,335,430,319
+,1199,818,510
+,343,474,713
+,755,32,338
+,524,863,768
+,1362,149,57
+,446,794,401
+,1253,556,481
+,1810,196,917
+,1357,256,836
+,258,848,12
+,1572,997,786
+,1278,254,394
+,41,998,453
+,1448,755,34
+,1988,471,752
+,63,96,533
+,82,213,484
+,1549,697,984
+,459,958,330
+,1446,644,745
+,106,762,959
+,1697,533,125
+,1768,492,653
+,1450,203,369
+,1584,53,884
+,516,223,996
+,863,241,648
+,1908,332,15
+,1771,813,282
+,691,122,405
+,669,248,9
+,1629,43,595
+,1739,707,486
+,670,610,158
+,1378,789,91
+,532,161,511
+,1319,702,633
+,372,953,992
+,945,640,61
+,277,364,660
+,1843,718,549
+,171,109,128
+,1522,238,324
+,1155,807,660
+,1212,355,824
+,806,449,750
+,55,21,705
+,1890,366,741
+,1482,256,920
+,957,496,723
+,1744,572,301
+,828,713,501
+,688,580,191
+,796,356,331
+,59,479,281
+,1641,851,613
+,892,881,567
+,558,70,543
+,1842,460,302
+,999,269,554
+,1714,464,0
?,1037,1037,1037
?,777,777,777
?,1503,1503,1503
?,380,380,380
?,1809,1809,1809
?,39,39,39
?,1270,1270,1270
?,1755,1755,1755
?,746,746,746
?,1590,1590,1590
?,1271,1271,1271
?,490,490,490
?,657,657,657
?,1477,1477,1477
?,130,130,130
?,1349,1349,1349
?,1104,1104,1104
?,1678,1678,1678
?,794,794,794
?,389,389,389
?,1074,1074,1074
?,1400,1400,1400
?,1019,1019,1019
?,1569,1569,1569
?,1130,1130,1130
?,316,316,316
?,1256,1256,1256
?,580,580,580
?,661,661,661
?,840,840,840
?,1313,1313,1313
?,660,660,660
?,227,227,227
?,198,198,198
?,1072,1072,1072
?,1350,1350,1350
?,137,137,137
?,90,90,90
?,1711,1711,1711
?,1921,1921,1921
?,266,266,266
-,1908,1908,1908
-,1756,1756,1756
-,914,914,914
-,192,192,192
-,199,199,199
-,421,421,421
-,227,227,227
-,1890,1890,1890
-,319,319,319
-,937,937,937
-,1422,1422,1422
-,830,830,830
-,923,923,923
-,1805,1805,1805
-,1435,1435,1435
-,935,935,935
-,662,662,662
-,1452,1452,1452
-,910,910,910
-,1744,1744,1744
-,1053,1053,1053
-,1096,1096,1096
-,32,32,32
-,1810,1810,1810
-,1894,1894,1894
-,835,835,835
-,1988,1988,1988
-,1177,1177,1177
-,125,125,125
-,172,172,172
-,1448,1448,1448
-,354,354,354
-,66,66,66
-,195,195,195
-,884,884,884
-,1331,1331,1331
-,1850,1850,1850
-,1770,1770,1770
-,950,950,950
-,1357,1357,1357
-,1045,1045,1045
-,320,320,320
-,1505,1505,1505
-,1400,1400,1400
-,233,233,233
-,1828,1828,1828
+,1235,241,177
+,1118,685,79
+,1403,953,728
+,1916,856,498
+,798,606,610
+,1785,333,568
+,720,841,455
+,12,315,978
+,1631,71,612
+,779,701,833
+,1179,789,839
+,40,335,506
+,1690,676,62
+,797,222,836
+,860,908,594
+,423,773,651
+,127,0,775
+,851,676,152
+,954,544,298
+,1111,630,591
+,677,200,210
+,834,898,324
+,849,583,813
+,1721,695,311
+,1929,965,959
+,312,735,937
+,784,91,596
+,473,626,522
+,308,867,130
+,1837,301,63
+,165,922,562
+,1106,54,0
+,654,573,840
+,687,112,881
+,556,886,31
+,480,442,719
+,585,403,640
+,158,728,391
+,900,390,445
+,562,216,678
+,489,486,142
+,1283,568,393
+,992,946,368
+,1067,427,157
+,567,893,686
+,506,137,11
+,530,663,16
+,921,738,906
+,972,673,447
+,325,139,86
+,913,657,825
+,1899,880,466
+,873,807,712
+,1033,952,435
+,1254,184,465
+,906,434,565
+,649,460,393
+,1219,231,190
+,1144,619,7
+,1603,510,867
+,1320,242,729
+,273,275,420
+,934,559,590
+,248,34,38
+,510,494,721
+,1141,115,594
+,1630,984,707
+,951,145,747
+,1060,539,879
+,360,797,286
+,448,529,80
+,870,911,624
+,218,251,483
+,11,759,679
+,302,684,79
+,499,648,552
+,1431,593,319
+,1012,54,925
+,786,547,797
+,398,480,464
+,1178,927,480
+,1289,751,339
+,848,361,983
+,932,301,296
+,149,36,711
+,1251,611,767
+,1746,744,803
+,1934,266,62
+,94,484,592
+,1462,586,52
+,301,298,828
+,1962,639,27
+,1722,496,84
+,635,517,78
+,1593,802,284
+,1646,135,630
+,686,281,878
+,1585,14,759
+,1296,618,178
+,1055,605,756
+,581,674,457
+,173,827,179
+,1872,801,717
+,347,496,185
+,969,540,882
+,1046,351,86
+,1667,148,609
+,905,841,157
+,1499,507,770
+,952,788,392
+,659,676,450
+,1340,652,171
+,1741,591,751
+,1187,353,55
+,1483,270,773
+,1856,118,53
+,587,475,408
+,622,308,487
+,0,971,770
+,1122,545,239
+,831,699,722
+,616,485,268
+,1165,543,891
+,1260,12,295
+,356,816,459
+,1635,694,323
+,1361,542,699
+,861,42,99
+,1664,544,652
+,260,979,864
+,1535,625,940
+,605,878,279
+,1670,276,273
+,668,100,261
+,836,598,400
+,1863,791,691
+,633,247,751
+,1038,602,788
+,615,532,345
+,1935,706,184
+,1533,560,10
+,1416,8,851
+,1276,12,421
+,1705,537,106
+,1360,456,359
+,143,742,290
+,883,197,34
+,745,634,94
+,403,961,608
+,1373,915,855
+,1102,973,613
+,1064,124,725
+,3,122,88
+,1669,619,133
+,1613,672,782
+,521,663,579
+,1663,990,189
+,1693,113,712
+,1821,259,301
+,1626,676,958
+,1047,654,464
+,1241,283,787
+,893,708,925
+,1609,788,788
+,707,263,165
+,889,75,283
+,1823,63,391
+,222,340,61
+,78,978,832
+,1552,182,451
+,1189,503,950
+,1790,624,402
+,1577,660,503
+,1845,147,553
+,56,441,223
+,678,658,108
+,1662,452,732
+,1391,105,35
+,818,72,585
+,1836,256,795
+,1313,19,918
+,719,152,668
+,571,0,955
+,1920,680,399
+,1963,155,716
+,672,926,400
+,816,3,527
+,395,962,789
+,1747,489,446
+,48,864,745
+,456,831,804
+,1917,553,231
+,625,393,977
+,716,837,798
+,942,124,580
+,408,957,367
+,455,698,310
+,963,56,647
+,79,662,92
+,783,547,873
+,221,348,82
+,1970,470,778
+,1958,296,663
+,1806,180,567
+,508,990,393
+,1575,195,306
+,843,399,917
+,680,645,705
+,367,498,86
+,50,647,448
+,844,194,143
+,362,197,25
+,332,607,244
+,1644,398,64
+,316,553,658
+,1271,511,546
+,1642,854,831
+,1146,989,16
+,724,347,57
+,210,806,738
+,1365,415,121
+,1655,826,669
+,1809,535,469
+,430,694,891
+,732,549,152
+,1586,593,238
+,746,73,37
+,631,144,500
+,85,19,482
+,261,940,633
+,880,248,718
+,303,133,14
+,1131,647,51
+,1192,314,840
+,1833,99,467
+,73,174,855
+,1117,65,837
+,305,108,116
+,1415,609,818
+,1654,225,64
+,1767,207,436
+,1777,830,855
+,1148,694,411
+,875,123,999
+,1445,589,558
+,1129,329,856
+,904,812,218
+,1776,46,607
+,536,343,64
+,1304,280,144
+,267,425,172
+,683,378,566
+,7,449,249
+,90,595,41
+,566,102,810
+,1680,647,627
+,1299,796,161
+,1948,900,498
+,104,6,7
+,1816,948,91
+,1769,667,607
+,1035,290,426
+,540,826,811
+,1298,487,708
+,1407,211,146
+,416,277,535
+,702,421,244
+,1469,178,625
+,431,38,610
+,1238,734,511
+,577,973,90
+,557,846,801
+,1953,356,428
+,1815,571,241
+,1520,120,542
+,219,97,633
+,236,883,779
+,1941,519,224
+,275,788,641
+,212,213,283
+,1358,198,115
+,613,152,701
+,1135,991,933
+,1367,509,180
+,16,686,944
+,1817,55,660
+,1339,291,214
+,1252,257,342
+,619,824,911
+,1440,464,44
+,1112,758,53
+,1727,550,180
+,1799,804,29
+,583,527,118
+,756,916,240
+,500,455,606
+,1597,333,429
+,714,765,693
+,271,333,235
+,1571,112,333
+,1036,100,242
+,436,422,890
+,1101,384,912
+,150,75,482
+,204,496,55
+,1153,446,148
+,1272,950,624
+,938,182,396
+,19,139,468
+,148,198,647
+,1539,998,276
+,1578,343,130
+,936,708,582
+,614,287,139
+,1321,872,476
+,1730,428,175
+,268,351,225
+,1857,302,618
+,1632,808,813
+,488,975,626
+,643,174,591
+,1972,566,875
+,1371,88,421
+,418,534,500
+,534,221,605
+,647,857,473
+,1070,14,747
+,1157,753,893
+,1841,253,335
+,1346,593,227
+,858,949,605
+,167,152,935
+,1268,919,5
+,81,45,41
+,1217,751,787
+,1185,34,435
+,504,403,490
+,1166,817,713
+,245,100,463
+,826,246,85
+,481,771,12
+,1382,749,416
+,139,223,135
+,1218,302,244
+,140,92,16
+,380,685,312
+,164,720,470
+,1040,584,765
+,116,24,999
+,322,474,790
+,1087,895,720
+,1029,189,808
+,976,379,641
+,1196,720,648
+,102,881,642
+,117,394,914
+,642,340,543
+,1531,303,436
+,1754,276,714
+,1110,627,555
+,1506,813,212
+,1186,701,82
+,119,901,343
+,445,954,56
+,607,968,931
+,388,372,909
+,317,113,392
+,996,476,633
+,1471,374,375
+,1355,663,572
+,1138,68,574
+,1604,792,209
+,1496,342,244
+,1426,116,664
+,1740,755,961
+,584,594,892
+,931,719,214
+,1607,762,779
+,1605,328,361
+,543,273,515
+,799,433,283
+,4,64,381
+,776,463,497
+,337,539,849
+,1709,481,726
+,1868,694,845
+,437,921,299
+,985,635,376
+,1699,689,968
+,832,828,963
+,340,67,192
+,484,905,468
+,1543,82,400
+,1980,183,295
+,30,979,78
+,1107,168,282
+,1335,713,151
+,103,154,895
+,200,533,974
+,1127,23,300
+,907,992,698
+,154,954,135
+,511,355,430
+,947,755,660
+,1701,298,193
+,375,22,892
+,1824,237,854
+,287,532,660
+,918,421,592
+,1936,671,661
+,1686,334,497
+,392,681,713
+,509,862,561
+,223,468,311
+,1639,135,919
+,694,313,175
+,1491,266,232
+,824,380,994
+,124,788,865
+,201,151,361
+,1323,466,979
+,1338,633,946
+,1379,728,548
+,110,186,996
+,1889,859,725
+,956,926,682
+,841,157,165
+,867,119,42
+,725,588,129
+,882,266,378
+,1349,210,575
+,1946,35,681
+,193,352,151
+,389,459,552
+,833,166,546
+,1653,124,942
+,1692,414,953
+,1606,786,148
+,497,469,950
+,968,159,4
+,1180,756,559
+,1169,519,339
+,1481,722,302
+,270,917,296
+,1738,966,772
+,438,682,150
+,994,578,746
+,1370,944,452
+,570,705,115
+,487,490,921
+,1052,142,694
+,1712,119,315
+,676,411,632
+,64,225,456
+,138,94,334
+,468,622,656
+,120,597,539
+,1292,800,958
+,1449,284,200
+,145,85,551
+,14,456,693
+,1967,980,89
+,1205,524,403
+,471,502,325
+,1134,619,523
+,1204,57,930
+,43,369,407
+,692,733,874
+,131,378,395
+,460,12,291
+,507,359,315
+,247,456,895
+,924,89,220
+,1059,909,454
+,897,425,822
+,764,295,167
+,1971,745,993
+,1375,434,746
+,1840,424,142
+,638,601,612
+,1460,147,212
+,411,486,888
+,1412,343,67
+,1938,983,604
+,1546,384,90
+,1775,419,654
+,433,279,424
+,866,569,473
+,1242,581,773
+,1080,140,204
+,1852,852,390
+,338,567,502
+,1125,842,846
+,973,854,599
+,1351,505,572
+,262,474,229
+,257,810,2
+,1568,268,307
+,1090,655,854
+,1557,483,127
+,141,681,914
+,1671,427,183
+,995,928,704
+,1498,250,29
+,175,783,283
+,1932,993,68
+,1864,763,370
+,493,492,579
+,118,889,264
+,490,702,487
+,629,710,837
+,1940,382,524
+,1703,589,17
+,743,265,166
+,229,59,149
+,39,472,899
+,1000,138,365
+,663,54,279
+,1226,429,651
+,1,978,364
+,1086,296,298
+,1594,654,958
+,1104,526,198
+,330,643,187
+,1561,96,613
+,765,171,556
+,1829,893,323
+,1973,865,701
+,1893,308,277
+,1789,714,704
+,1308,98,547
+,1723,360,843
+,611,13,140
+,1280,288,381
+,1782,496,421
+,217,943,932
+,1039,104,223
+,365,515,226
+,1560,192,814
+,1025,572,628
+,539,851,975
+,1473,866,544
+,1793,564,719
+,1478,821,116
+,6,471,938
+,929,119,838
+,323,945,17
+,890,356,319
+,601,371,142
+,1998,452,911
+,1955,535,781
+,1312,350,176
+,1574,311,29
+,1898,834,121
+,1537,131,877
+,1099,145,704
+,1396,314,128
+,234,133,80
?,2830,2830,2830
?,458,458,458
-,895,895,895
-,1033,1033,1033
-,1730,1730,1730
-,1291,1291,1291
-,1440,1440,1440
-,128,128,128
-,1798,1798,1798
-,670,670,670
-,1836,1836,1836
-,358,358,358
-,1457,1457,1457
-,379,379,379
-,1500,1500,1500
-,924,924,924
-,1463,1463,1463
-,588,588,588
-,1919,1919,1919
-,1129,1129,1129
-,1274,1274,1274
-,743,743,743
+,1476,800,251
+,1825,975,433
+,23,933,568
+,1762,42,1
+,1133,475,984
+,514,635,296
+,1083,995,171
+,958,61,955
+,1220,493,279
+,781,256,859
+,788,389,359
+,130,647,217
+,1221,860,522
+,1983,46,165
+,1393,546,576
+,1622,307,91
+,327,715,125
+,1285,143,742
+,313,286,899
+,224,215,625
+,1763,980,821
+,96,905,698
+,1547,350,650
+,186,770,724
+,1010,279,251
+,1043,329,349
+,283,470,982
+,1880,336,16
+,741,708,136
+,817,944,2
+,1195,487,4
+,1838,9,688
+,877,423,569
+,1197,713,720
+,1529,780,402
+,538,83,806
+,1103,664,666
+,1974,551,31
+,1525,852,835
+,505,455,688
+,1992,361,995
+,542,385,847
+,292,366,396
+,939,859,786
+,1316,713,8
+,1811,473,379
+,810,197,455
+,1022,226,760
+,1342,776,287
+,435,943,726
+,644,196,92
+,1470,628,640
+,1794,827,735
+,1161,239,505
+,432,371,37
+,135,504,926
+,548,723,620
+,821,7,200
+,646,653,405
+,1648,890,284
+,1982,512,505
+,1683,565,198
+,469,756,579
+,114,698,617
+,1589,179,66
+,1573,131,763
+,1726,130,265
+,664,583,876
+,1402,902,535
+,449,801,280
+,1140,868,694
+,1409,993,709
+,1310,545,629
+,552,697,573
+,777,464,2
+,946,437,656
+,334,965,665
+,1994,874,961
+,1493,442,864
+,1093,280,124
+,350,530,477
+,1300,370,529
+,1247,44,905
+,146,229,48
+,1327,940,430
+,1399,459,323
+,1437,401,199
+,546,83,901
+,1372,827,25
+,429,231,706
+,727,980,76
+,758,255,201
+,333,337,318
+,747,641,640
+,1708,28,491
+,1301,827,24
+,928,816,641
+,1954,342,860
+,1947,253,110
+,206,244,981
+,1774,852,55
+,1978,341,532
+,1751,242,966
+,163,794,614
+,592,449,782
+,1583,640,457
+,466,127,87
+,1354,62,938
+,93,386,320
+,142,868,710
+,1442,801,130
+,393,941,821
+,1182,56,308
+,740,641,442
+,1764,104,693
+,1813,572,53
+,1266,870,390
+,1287,98,632
+,1698,420,238
+,600,613,806
+,1130,638,10
+,161,393,475
+,775,438,901
+,1888,634,103
+,255,666,960
+,1098,801,26
+,940,529,336
+,1494,197,110
+,88,12,609
+,1652,69,607
+,541,860,198
+,1236,586,129
+,704,521,262
+,1735,431,492
+,735,635,455
+,198,248,140
+,778,45,61
+,189,319,598
+,1990,525,982
-,431,431,431
-,1983,1983,1983
-,1237,1237,1237
-,1169,1169,1169
-,1104,1104,1104
-,1040,1040,1040
-,327,327,327
-,1327,1327,1327
-,1614,1614,1614
-,1168,1168,1168
-,631,631,631
-,1862,1862,1862
-,649,649,649
-,1800,1800,1800
-,669,669,669
-,328,328,328
-,633,633,633
-,954,954,954
-,534,534,534
-,271,271,271
-,1431,1431,1431
-,1667,1667,1667
-,1839,1839,1839
-,1984,1984,1984
-,951,951,951
-,46,46,46
-,1421,1421,1421
-,586,586,586
-,148,148,148
-,1333,1333,1333
-,1996,1996,1996
-,123,123,123
-,41,41,41
-,1220,1220,1220
-,1059,1059,1059
-,1548,1548,1548
-,1093,1093,1093
-,772,772,772
-,1233,1233,1233
-,1099,1099,1099
-,201,201,201
-,547,547,547
-,1213,1213,1213
-,622,622,622
-,705,705,705
-,1248,1248,1248
-,1886,1886,1886
-,464,464,464
-,570,570,570
-,582,582,582
-,1166,1166,1166
-,1575,1575,1575
-,1856,1856,1856
-,1994,1994,1994
-,8,8,8
-,212,212,212
-,1769,1769,1769
-,140,140,140
-,1109,1109,1109
-,1574,1574,1574
-,1472,1472,1472
-,1967,1967,1967
-,84,84,84
-,281,281,281
-,1729,1729,1729
-,1741,1741,1741
-,962,962,962
-,1963,1963,1963
-,1706,1706,1706
-,1823,1823,1823
-,376,376,376
-,1025,1025,1025
-,1481,1481,1481
-,1338,1338,1338
-,1010,1010,1010
-,681,681,681
-,482,482,482
-,1636,1636,1636
-,1611,1611,1611
-,309,309,309
-,461,461,461
-,310,310,310
-,709,709,709
-,1522,1522,1522
-,1323,1323,1323
-,672,672,672
-,1524,1524,1524
-,1917,1917,1917
-,605,605,605
-,144,144,144
-,847,847,847
-,1778,1778,1778
+,689,253,682
+,1563,439,203
+,440,723,801
+,318,105,717
+,1964,514,625
+,696,193,875
+,865,644,649
+,1429,234,123
+,326,410,39
+,1650,196,951
+,1554,436,18
+,13,204,93
+,1780,52,389
+,1657,537,313
+,569,648,236
+,1206,344,436
+,919,62,522
-,75,75,75
-,584,584,584
-,439,439,439
-,1152,1152,1152
-,1907,1907,1907
-,1726,1726,1726
-,1711,1711,1711
-,103,103,103
-,1289,1289,1289
-,1534,1534,1534
-,890,890,890
-,682,682,682
-,1895,1895,1895
-,1000,1000,1000
-,446,446,446
-,104,104,104
-,538,538,538
-,432,432,432
-,1923,1923,1923
-,741,741,741
-,1251,1251,1251
-,979,979,979
-,932,932,932
-,1311,1311,1311
-,1370,1370,1370
-,1225,1225,1225
-,1683,1683,1683
-,809,809,809
-,1533,1533,1533
-,288,288,288
-,863,863,863
-,615,615,615
-,48,48,48
-,1532,1532,1532
-,725,725,725
-,261,261,261
-,1658,1658,1658
-,59,59,59
-,474,474,474
-,1861,1861,1861
-,663,663,663
-,334,334,334
-,1851,1851,1851
-,893,893,893
-,848,848,848
-,1103,1103,1103
-,438,438,438
-,1785,1785,1785
-,590,590,590
-,1782,1782,1782
-,1561,1561,1561
-,710,710,710
-,433,433,433
-,1060,1060,1060
-,1006,1006,1006
+,451,607,126
+,859,500,313
+,1986,440,360
+,1436,854,0
+,1330,257,141
+,1466,899,290
+,407,879,514
+,1149,981,787
+,54,158,976
+,1232,730,277
+,1034,750,201
+,476,599,940
+,447,297,224
+,191,484,955
+,61,254,831
+,65,652,395
+,864,408,990
+,1209,100,914
+,178,942,309
-,1070,1070,1070
-,434,434,434
-,130,130,130
-,689,689,689
-,314,314,314
+,1116,963,680
+,1827,426,857
+,1516,685,62
+,1385,197,844
+,209,513,151
+,1508,273,85
+,285,454,45
+,457,623,203
+,501,517,419
-,1909,1909,1909
-,785,785,785
+,563,282,778
+,1518,11,652
-,1346,1346,1346
+,51,55,663
+,228,235,580
-,1570,1570,1570
+,1309,600,765
